{
    "1": {
        "method": "addColumn",
        "params": [
            "cms_url_store",
            {
                "name": "store_path",
                "type": "TEXT",
                "length": null,
                "decimals": null,
                "values": [],
                "allow_null": true,
                "default": null,
                "comment": "Path part of the URL",
                "unsigned": false,
                "zerofill": false,
                "auto_increment": false,
                "binary": false
            }
        ]
    }
}